id,name,album,album_id,artists,artist_ids,track_number,disc_number,explicit,danceability,energy,key,loudness,mode,speechiness,acousticness,instrumentalness,liveness,valence,tempo,duration_ms,time_signature,year,release_date,short_album_name
0Hqhn8gaB7SBrg1LFTd1S0,...Baby One More Time - Davidson Ospina Radio Mix,...Baby One More Time (Digital Deluxe Version),3WNxdumkSMGMJRhEgK80qx,"['Britney Spears', 'Davidson Ospina']","['26dSoYclwsYLMAKD3tpOr4', '4pIoJsv1jTj73rhpAkSH0s']",15,1,False,0.728,0.945,8,-6.319,1,0.0358,0.0204,7.58e-06,0.0705,0.925,124.003,204560,4.0,1999,1999-01-12,...Baby One More Time
4awBwsD0wBWWK9jqrUXctH,...Baby One More Time - Boy Wunder Radio Mix,...Baby One More Time (Digital Deluxe Version),3WNxdumkSMGMJRhEgK80qx,"['Britney Spears', 'Boy Wunder']","['26dSoYclwsYLMAKD3tpOr4', '1abMuW70kbS2ysa9dC2qr4']",16,1,False,0.8240000000000001,0.8140000000000001,0,-8.0,0,0.0473,0.0125,0.000436,0.0237,0.843,117.956,207067,4.0,1999,1999-01-12,...Baby One More Time
1TsyCE4jMDwesDsEBn3dIG,Autumn Goodbye,...Baby One More Time (Digital Deluxe Version),3WNxdumkSMGMJRhEgK80qx,['Britney Spears'],['26dSoYclwsYLMAKD3tpOr4'],14,1,False,0.81,0.825,8,-6.218999999999999,1,0.0437,0.1639999999999999,0.0,0.1639999999999999,0.653,122.014,221040,4.0,1999,1999-01-12,...Baby One More Time
53cB5yfTFpMfaw7oBcAi2c,I'll Never Stop Loving You,...Baby One More Time (Digital Deluxe Version),3WNxdumkSMGMJRhEgK80qx,['Britney Spears'],['26dSoYclwsYLMAKD3tpOr4'],13,1,False,0.655,0.598,7,-5.2410000000000005,1,0.0283,0.2289999999999999,8.58e-06,0.1369999999999999,0.5489999999999999,76.047,221627,4.0,1999,1999-01-12,...Baby One More Time
4z4snWdgrJ8hbKFR0Bq2TU,Thinkin' About You,...Baby One More Time (Digital Deluxe Version),3WNxdumkSMGMJRhEgK80qx,['Britney Spears'],['26dSoYclwsYLMAKD3tpOr4'],10,1,False,0.7559999999999999,0.7,0,-6.431,1,0.031,0.00993,0.0,0.0837,0.8440000000000001,98.023,214707,4.0,1999,1999-01-12,...Baby One More Time
3lpRz2Zp0mPKKgXfoLNt42,Deep In My Heart,...Baby One More Time (Digital Deluxe Version),3WNxdumkSMGMJRhEgK80qx,['Britney Spears'],['26dSoYclwsYLMAKD3tpOr4'],9,1,False,0.799,0.7829999999999999,6,-4.369,0,0.0314,0.0319,7.01e-06,0.078,0.903,117.005,215933,4.0,1999,1999-01-12,...Baby One More Time
4l3zi35EzEv8L7xLZ9jEcJ,The Beat Goes On,...Baby One More Time (Digital Deluxe Version),3WNxdumkSMGMJRhEgK80qx,['Britney Spears'],['26dSoYclwsYLMAKD3tpOr4'],12,1,False,0.772,0.5479999999999999,10,-9.352,1,0.1639999999999999,0.0969999999999999,0.221,0.103,0.648,154.871,223200,4.0,1999,1999-01-12,...Baby One More Time
5FieJVbVreVaZdgoQiw9Yh,E-Mail My Heart,...Baby One More Time (Digital Deluxe Version),3WNxdumkSMGMJRhEgK80qx,['Britney Spears'],['26dSoYclwsYLMAKD3tpOr4'],11,1,False,0.6,0.636,0,-7.262,1,0.0244,0.268,0.0,0.177,0.51,142.015,223067,4.0,1999,1999-01-12,...Baby One More Time
2I320CTP7hYFTtiFo1H6CD,I Will Be There,...Baby One More Time (Digital Deluxe Version),3WNxdumkSMGMJRhEgK80qx,['Britney Spears'],['26dSoYclwsYLMAKD3tpOr4'],7,1,False,0.659,0.866,8,-5.789,1,0.0351,0.165,3.65e-05,0.0988,0.765,100.997,233600,4.0,1999,1999-01-12,...Baby One More Time
17HyUnJvY9J2l4fFzy9mPW,I Will Still Love You (with Don Philip),...Baby One More Time (Digital Deluxe Version),3WNxdumkSMGMJRhEgK80qx,"['Britney Spears', 'Don Philip']","['26dSoYclwsYLMAKD3tpOr4', '2jcVxaRRWIYNiGMPgvZ0J7']",8,1,False,0.6579999999999999,0.868,1,-3.902,1,0.0362,0.134,0.0,0.111,0.73,80.00399999999998,243827,4.0,1999,1999-01-12,...Baby One More Time
70XtWbcVZcpaOddJftMcVi,From the Bottom of My Broken Heart,...Baby One More Time (Digital Deluxe Version),3WNxdumkSMGMJRhEgK80qx,['Britney Spears'],['26dSoYclwsYLMAKD3tpOr4'],6,1,False,0.677,0.665,7,-5.171,1,0.0305,0.56,1.01e-06,0.3379999999999999,0.706,74.98100000000002,312533,4.0,1999,1999-01-12,...Baby One More Time
4l1MNtoCiTxBwf6yxD7kFd,Born to Make You Happy,...Baby One More Time (Digital Deluxe Version),3WNxdumkSMGMJRhEgK80qx,['Britney Spears'],['26dSoYclwsYLMAKD3tpOr4'],5,1,False,0.633,0.922,11,-4.842,0,0.0454,0.1159999999999999,0.000465,0.071,0.6859999999999999,84.11,243533,4.0,1999,1999-01-12,...Baby One More Time
1UI0l2L66HJ9AtoEOlHzv4,Sometimes,...Baby One More Time (Digital Deluxe Version),3WNxdumkSMGMJRhEgK80qx,['Britney Spears'],['26dSoYclwsYLMAKD3tpOr4'],3,1,False,0.745,0.742,10,-5.693,1,0.0259,0.42,0.0,0.102,0.8059999999999999,95.996,245067,4.0,1999,1999-01-12,...Baby One More Time
6039GmVngyHmWfOuWOhjCK,Soda Pop,...Baby One More Time (Digital Deluxe Version),3WNxdumkSMGMJRhEgK80qx,['Britney Spears'],['26dSoYclwsYLMAKD3tpOr4'],4,1,False,0.7140000000000001,0.852,8,-6.57,1,0.0565,0.0819,0.0,0.285,0.919,92.016,200467,4.0,1999,1999-01-12,...Baby One More Time
3MjUtNVVq3C8Fn0MP3zhXa,...Baby One More Time,...Baby One More Time (Digital Deluxe Version),3WNxdumkSMGMJRhEgK80qx,['Britney Spears'],['26dSoYclwsYLMAKD3tpOr4'],1,1,False,0.759,0.6990000000000001,0,-5.745,0,0.0307,0.2019999999999999,0.000131,0.4429999999999999,0.907,92.96,211067,4.0,1999,1999-01-12,...Baby One More Time
1DSJNBNhGZCigg9ll5VeZv,(You Drive Me) Crazy,...Baby One More Time (Digital Deluxe Version),3WNxdumkSMGMJRhEgK80qx,['Britney Spears'],['26dSoYclwsYLMAKD3tpOr4'],2,1,False,0.748,0.939,0,-4.288,0,0.0341,0.0534,0.0,0.32,0.96,104.001,198067,4.0,1999,1999-01-12,...Baby One More Time
30hSG0Is8yOGkFQtF20Lxu,When Your Eyes Say It,Oops!... I Did It Again,5PmgtkodFl2Om3hMXONDll,['Britney Spears'],['26dSoYclwsYLMAKD3tpOr4'],11,1,False,0.693,0.625,7,-7.147,1,0.0431,0.0553,0.0,0.659,0.439,86.039,269773,4.0,2000,2000-05-16,Oops!... I Did It Again
1NmjzfxyAN9u5EaqHk1uIY,Dear Diary,Oops!... I Did It Again,5PmgtkodFl2Om3hMXONDll,['Britney Spears'],['26dSoYclwsYLMAKD3tpOr4'],12,1,False,0.498,0.155,3,-14.282,1,0.0341,0.8109999999999999,0.0,0.166,0.28,127.57,166653,4.0,2000,2000-05-16,Oops!... I Did It Again
3OitWDgR4SzAUOm3TBmvhw,Don't Let Me Be the Last to Know,Oops!... I Did It Again,5PmgtkodFl2Om3hMXONDll,['Britney Spears'],['26dSoYclwsYLMAKD3tpOr4'],5,1,False,0.632,0.7559999999999999,4,-6.567,1,0.0417,0.159,0.0,0.273,0.713,138.96,230933,4.0,2000,2000-05-16,Oops!... I Did It Again
41cQPDvsP9vBCigVqQjnqg,What U See (Is What U Get),Oops!... I Did It Again,5PmgtkodFl2Om3hMXONDll,['Britney Spears'],['26dSoYclwsYLMAKD3tpOr4'],6,1,False,0.847,0.8009999999999999,9,-3.838,1,0.0564,0.0876,0.000204,0.7659999999999999,0.841,93.189,216707,4.0,2000,2000-05-16,Oops!... I Did It Again
3HTkB9Nk04MJHkG0X6cL2R,Don't Go Knockin' on My Door,Oops!... I Did It Again,5PmgtkodFl2Om3hMXONDll,['Britney Spears'],['26dSoYclwsYLMAKD3tpOr4'],3,1,False,0.8079999999999999,0.7609999999999999,10,-5.614,0,0.0512,0.23,0.0,0.674,0.92,110.965,223533,4.0,2000,2000-05-16,Oops!... I Did It Again
23dIvJu0yfes1JRFut1NMQ,(I Can't Get No) Satisfaction,Oops!... I Did It Again,5PmgtkodFl2Om3hMXONDll,['Britney Spears'],['26dSoYclwsYLMAKD3tpOr4'],4,1,False,0.905,0.657,11,-4.901,1,0.0376,0.0827,3.17e-05,0.173,0.659,110.001,263453,4.0,2000,2000-05-16,Oops!... I Did It Again
4MOBPIIRUgHTBAp0NpgLTm,Where Are You Now,Oops!... I Did It Again,5PmgtkodFl2Om3hMXONDll,['Britney Spears'],['26dSoYclwsYLMAKD3tpOr4'],9,1,False,0.636,0.489,9,-8.097999999999999,1,0.0263,0.337,0.0,0.291,0.297,125.616,279387,4.0,2000,2000-05-16,Oops!... I Did It Again
7pY6xLJqmezJNG7VwuKVSH,Can't Make You Love Me,Oops!... I Did It Again,5PmgtkodFl2Om3hMXONDll,['Britney Spears'],['26dSoYclwsYLMAKD3tpOr4'],10,1,False,0.81,0.924,0,-4.02,0,0.0356,0.119,8.73e-05,0.149,0.868,108.016,197187,4.0,2000,2000-05-16,Oops!... I Did It Again
2TTYIwTM2iLC1YOyHuhRMt,Lucky,Oops!... I Did It Again,5PmgtkodFl2Om3hMXONDll,['Britney Spears'],['26dSoYclwsYLMAKD3tpOr4'],7,1,False,0.765,0.7909999999999999,8,-5.7070000000000025,1,0.0317,0.262,0.000154,0.0669,0.966,95.026,206227,4.0,2000,2000-05-16,Oops!... I Did It Again
5iW9Y4seDbBgIchT0ANY3q,One Kiss from You,Oops!... I Did It Again,5PmgtkodFl2Om3hMXONDll,['Britney Spears'],['26dSoYclwsYLMAKD3tpOr4'],8,1,False,0.732,0.888,7,-2.415,1,0.0792,0.0702,2.74e-06,0.379,0.674,93.993,203280,4.0,2000,2000-05-16,Oops!... I Did It Again
6naxalmIoLFWR0siv8dnQQ,Oops!...I Did It Again,Oops!... I Did It Again,5PmgtkodFl2Om3hMXONDll,['Britney Spears'],['26dSoYclwsYLMAKD3tpOr4'],1,1,False,0.7509999999999999,0.8340000000000001,1,-5.444,0,0.0437,0.3,1.77e-05,0.355,0.894,95.053,211160,4.0,2000,2000-05-16,Oops!... I Did It Again
5QhBKPqsnX1uY9fZNaAtZg,Stronger,Oops!... I Did It Again,5PmgtkodFl2Om3hMXONDll,['Britney Spears'],['26dSoYclwsYLMAKD3tpOr4'],2,1,False,0.7070000000000001,0.923,11,-3.957,1,0.0521,0.128,0.000437,0.273,0.8420000000000001,108.049,203000,4.0,2000,2000-05-16,Oops!... I Did It Again
6ldwfK0yWgTAlmIfuQkTYN,I'm a Slave 4 U,Britney (Digital Deluxe Version),5ax3GTsfX5uCUaNgnJsSG5,['Britney Spears'],['26dSoYclwsYLMAKD3tpOr4'],1,1,False,0.847,0.843,5,-3.579,0,0.106,0.415,0.000134,0.107,0.963,110.027,203600,4.0,2001,2001-10-31,Britney
5p0KCAuu5nrHpTuAIhHdLw,Overprotected - Radio Edit,Britney (Digital Deluxe Version),5ax3GTsfX5uCUaNgnJsSG5,['Britney Spears'],['26dSoYclwsYLMAKD3tpOr4'],2,1,False,0.682,0.894,0,-1.73,0,0.0727,0.0381,0.0,0.416,0.845,95.992,198600,4.0,2001,2001-10-31,Britney
6hlpPqTRqUZI2B4TCOycDf,Lonely,Britney (Digital Deluxe Version),5ax3GTsfX5uCUaNgnJsSG5,['Britney Spears'],['26dSoYclwsYLMAKD3tpOr4'],3,1,False,0.703,0.953,7,-0.674,1,0.256,0.051,0.0054,0.0717,0.845,194.035,199373,4.0,2001,2001-10-31,Britney
1xg1yGPy1Y3YUf44s6TB1o,"I'm Not a Girl, Not Yet a Woman",Britney (Digital Deluxe Version),5ax3GTsfX5uCUaNgnJsSG5,['Britney Spears'],['26dSoYclwsYLMAKD3tpOr4'],4,1,False,0.534,0.5429999999999999,3,-6.857,1,0.0245,0.579,0.0,0.1119999999999999,0.418,78.99600000000002,231067,4.0,2001,2001-10-31,Britney
0FaBorty7hr1lpyzXSRPEf,Let Me Be,Britney (Digital Deluxe Version),5ax3GTsfX5uCUaNgnJsSG5,['Britney Spears'],['26dSoYclwsYLMAKD3tpOr4'],9,1,False,0.79,0.905,8,-4.122,0,0.0576,0.0903,0.00359,0.0955,0.77,92.008,171040,4.0,2001,2001-10-31,Britney
5FFFvpCMxIWtTF7DmUBBIs,Bombastic Love,Britney (Digital Deluxe Version),5ax3GTsfX5uCUaNgnJsSG5,['Britney Spears'],['26dSoYclwsYLMAKD3tpOr4'],10,1,False,0.7559999999999999,0.85,1,-2.468,0,0.033,0.024,0.0034,0.0538,0.655,100.251,185693,4.0,2001,2001-10-31,Britney
4p701COQh5KvaP4zvqnx8F,That's Where You Take Me,Britney (Digital Deluxe Version),5ax3GTsfX5uCUaNgnJsSG5,['Britney Spears'],['26dSoYclwsYLMAKD3tpOr4'],11,1,False,0.703,0.925,7,-4.905,0,0.0301,0.0816,0.0,0.139,0.741,133.391,212400,4.0,2001,2001-10-31,Britney
6fA0t8bkZ4taxr86QkokWJ,When I Found You,Britney (Digital Deluxe Version),5ax3GTsfX5uCUaNgnJsSG5,['Britney Spears'],['26dSoYclwsYLMAKD3tpOr4'],12,1,False,0.451,0.812,10,-6.54,1,0.089,0.114,0.0,0.4639999999999999,0.747,74.007,216200,4.0,2001,2001-10-31,Britney
4rIz1mOBHqIo6Mk7DzuoPs,Boys,Britney (Digital Deluxe Version),5ax3GTsfX5uCUaNgnJsSG5,['Britney Spears'],['26dSoYclwsYLMAKD3tpOr4'],5,1,False,0.9,0.693,11,-3.989,0,0.0751,0.0245,0.00278,0.04,0.8640000000000001,107.021,206960,4.0,2001,2001-10-31,Britney
6dKYAtGciLRm8uOD1LiSVf,Anticipating,Britney (Digital Deluxe Version),5ax3GTsfX5uCUaNgnJsSG5,['Britney Spears'],['26dSoYclwsYLMAKD3tpOr4'],6,1,False,0.7170000000000001,0.877,0,-4.266,1,0.0375,0.0136,0.000814,0.0616,0.794,111.0,196107,4.0,2001,2001-10-31,Britney
29viePXNqWUw1cxqzOcuOD,I Love Rock 'N' Roll,Britney (Digital Deluxe Version),5ax3GTsfX5uCUaNgnJsSG5,['Britney Spears'],['26dSoYclwsYLMAKD3tpOr4'],7,1,False,0.7090000000000001,0.728,9,-1.643,1,0.185,0.000811,0.105,0.564,0.5720000000000001,180.107,186533,4.0,2001,2001-10-31,Britney
4PoTu14Wi2o9l0Rb09gBCa,Cinderella,Britney (Digital Deluxe Version),5ax3GTsfX5uCUaNgnJsSG5,['Britney Spears'],['26dSoYclwsYLMAKD3tpOr4'],8,1,False,0.667,0.898,1,-1.843,0,0.0448,0.00293,0.000722,0.159,0.7509999999999999,110.056,219227,4.0,2001,2001-10-31,Britney
7zs5aog6tlIeniHcnoB0HJ,I Run Away,Britney (Digital Deluxe Version),5ax3GTsfX5uCUaNgnJsSG5,['Britney Spears'],['26dSoYclwsYLMAKD3tpOr4'],13,1,False,0.604,0.851,0,-4.78,0,0.0274,0.00616,0.000366,0.0511,0.649,144.015,244067,4.0,2001,2001-10-31,Britney
1dVOsIMGb0eqoqslLLlbxM,What It's Like to Be Me,Britney (Digital Deluxe Version),5ax3GTsfX5uCUaNgnJsSG5,['Britney Spears'],['26dSoYclwsYLMAKD3tpOr4'],14,1,False,0.795,0.6509999999999999,11,-5.5870000000000015,0,0.0912,0.123,0.0,0.2,0.68,100.045,170667,4.0,2001,2001-10-31,Britney
7LooG61VBsz4PqtCCVUs0z,Before The Goodbye,Britney (Digital Deluxe Version),5ax3GTsfX5uCUaNgnJsSG5,['Britney Spears'],['26dSoYclwsYLMAKD3tpOr4'],15,1,False,0.687,0.73,7,-7.497999999999997,1,0.0509,0.0052899999999999,0.0,0.0938,0.586,134.0,230093,4.0,2001,2001-10-31,Britney
6I9VzXrHxO9rA9A5euc8Ak,Toxic,In The Zone,0z7pVBGOD7HCIB7S8eLkLI,['Britney Spears'],['26dSoYclwsYLMAKD3tpOr4'],6,1,False,0.774,0.838,5,-3.914,0,0.114,0.0249,0.025,0.242,0.924,143.04,198800,4.0,2003,2003-11-13,In the Zone
7mS8RbJji2UZAaguRGsOCH,Me Against the Music (feat. Madonna) - LP Version / Video Mix,In The Zone,0z7pVBGOD7HCIB7S8eLkLI,"['Britney Spears', 'Madonna']","['26dSoYclwsYLMAKD3tpOr4', '6tbjWDEIzxoDsBA1FuhfPW']",1,1,False,0.804,0.836,6,-6.635,0,0.089,0.32,0.0,0.213,0.85,120.046,223773,4.0,2003,2003-11-13,In the Zone
1mRyi7vfCdLyQW4AeQKlnD,Touch of My Hand,In The Zone,0z7pVBGOD7HCIB7S8eLkLI,['Britney Spears'],['26dSoYclwsYLMAKD3tpOr4'],8,1,False,0.551,0.8220000000000001,9,-5.857,0,0.0559,0.5760000000000001,0.000176,0.135,0.412,100.005,259467,4.0,2003,2003-11-13,In the Zone
2vPCRs3g0vdLU8sHlAEytO,Outrageous,In The Zone,0z7pVBGOD7HCIB7S8eLkLI,['Britney Spears'],['26dSoYclwsYLMAKD3tpOr4'],7,1,False,0.828,0.662,7,-6.419,1,0.0461,0.0394,2.02e-05,0.191,0.847,105.014,201907,4.0,2003,2003-11-13,In the Zone
5epx5YtoMbV0GrL9qx9kVY,(I Got That) Boom Boom (feat. Ying Yang Twins),In The Zone,0z7pVBGOD7HCIB7S8eLkLI,"['Britney Spears', 'Ying Yang Twins']","['26dSoYclwsYLMAKD3tpOr4', '44PA0rCQXikgOWbfY7Fq7m']",2,1,False,0.8640000000000001,0.87,8,-2.77,1,0.147,0.119,0.0,0.508,0.8370000000000001,109.987,289400,4.0,2003,2003-11-13,In the Zone
4rl0xZYeGwqV43wh8qhQXX,The Hook Up,In The Zone,0z7pVBGOD7HCIB7S8eLkLI,['Britney Spears'],['26dSoYclwsYLMAKD3tpOr4'],9,1,False,0.6859999999999999,0.805,6,-3.094,1,0.0991,0.1369999999999999,0.0,0.068,0.87,172.05900000000003,234000,4.0,2003,2003-11-13,In the Zone
0dRhSF9LV0HR8Jwd3MMMKJ,Everytime,In The Zone,0z7pVBGOD7HCIB7S8eLkLI,['Britney Spears'],['26dSoYclwsYLMAKD3tpOr4'],12,1,False,0.3979999999999999,0.284,3,-12.852,1,0.0337,0.966,8.57e-05,0.1159999999999999,0.114,109.599,230307,4.0,2003,2003-11-13,In the Zone
1YTuMc934yzN1PKjSIaspV,Brave New Girl,In The Zone,0z7pVBGOD7HCIB7S8eLkLI,['Britney Spears'],['26dSoYclwsYLMAKD3tpOr4'],11,1,False,0.7390000000000001,0.669,10,-3.989,1,0.0384,0.0209,0.0,0.0863,0.857,133.028,208013,4.0,2003,2003-11-13,In the Zone
4XEQZ9OqZb6xLxKsFppO3K,Shadow,In The Zone,0z7pVBGOD7HCIB7S8eLkLI,['Britney Spears'],['26dSoYclwsYLMAKD3tpOr4'],10,1,False,0.314,0.66,5,-7.182,0,0.0439,0.0509,0.0,0.0928,0.239,141.121,224880,3.0,2003,2003-11-13,In the Zone
2xV1M8wBD75UTsvTnE7pV3,Me Against the Music (feat. Madonna) - Rishi Rich's Desi Kulcha Remix,In The Zone,0z7pVBGOD7HCIB7S8eLkLI,"['Britney Spears', 'Madonna', 'Rishi Rich']","['26dSoYclwsYLMAKD3tpOr4', '6tbjWDEIzxoDsBA1FuhfPW', '2DpITTpb4v5SQtB3iA4A44']",13,1,False,0.789,0.925,11,-2.727,0,0.11,0.0253,0.0,0.158,0.903,120.03,269653,4.0,2003,2003-11-13,In the Zone
1lK5iIMKifrxERzS3iimJH,Breathe on Me,In The Zone,0z7pVBGOD7HCIB7S8eLkLI,['Britney Spears'],['26dSoYclwsYLMAKD3tpOr4'],4,1,False,0.7090000000000001,0.565,5,-6.395,0,0.0471,0.00209,0.0125,0.0901,0.5710000000000001,112.203,223760,4.0,2003,2003-11-13,In the Zone
0NkMVd3YtZXN5hsuSZUefO,Showdown,In The Zone,0z7pVBGOD7HCIB7S8eLkLI,['Britney Spears'],['26dSoYclwsYLMAKD3tpOr4'],3,1,False,0.835,0.762,7,-3.574,1,0.0706,0.0501,0.0211,0.0254,0.84,95.004,196147,4.0,2003,2003-11-13,In the Zone
6BSfVPsVr6zYOXvHOUggfA,Early Mornin',In The Zone,0z7pVBGOD7HCIB7S8eLkLI,['Britney Spears'],['26dSoYclwsYLMAKD3tpOr4'],5,1,False,0.7190000000000001,0.67,4,-5.206,0,0.0829,0.0139999999999999,0.0579,0.0968,0.6779999999999999,94.965,225560,4.0,2003,2003-11-13,In the Zone
7Dyq1bhhjknLKEGg4k5NLr,Hold It Against Me,Femme Fatale (Deluxe Version),0oFBaXLFsUVa2gEmJf4FcJ,['Britney Spears'],['26dSoYclwsYLMAKD3tpOr4'],2,1,False,0.648,0.722,0,-4.813,0,0.0427,0.0103,0.0,0.24,0.389,132.97299999999998,228827,4.0,2011,2011-03-28,Femme Fatale
1MXmaCZEtfPrCbtYjJIbzl,Inside Out,Femme Fatale (Deluxe Version),0oFBaXLFsUVa2gEmJf4FcJ,['Britney Spears'],['26dSoYclwsYLMAKD3tpOr4'],3,1,False,0.627,0.713,11,-5.6560000000000015,0,0.0612,0.226,0.0,0.107,0.53,119.929,218027,4.0,2011,2011-03-28,Femme Fatale
5cCAZS9VhLGEDV4NCfieeg,I Wanna Go,Femme Fatale (Deluxe Version),0oFBaXLFsUVa2gEmJf4FcJ,['Britney Spears'],['26dSoYclwsYLMAKD3tpOr4'],4,1,False,0.696,0.546,5,-6.55,1,0.0414,0.00379,3.8e-06,0.332,0.787,130.002,210267,4.0,2011,2011-03-28,Femme Fatale
38casNXY2G39SZRUjALtcY,How I Roll,Femme Fatale (Deluxe Version),0oFBaXLFsUVa2gEmJf4FcJ,['Britney Spears'],['26dSoYclwsYLMAKD3tpOr4'],5,1,False,0.818,0.71,10,-5.716,1,0.0472,0.0753,0.0239,0.0581,0.7909999999999999,145.97,216547,4.0,2011,2011-03-28,Femme Fatale
5Zvzva2gweeEU46XEeeFSa,(Drop Dead) Beautiful (feat. Sabi),Femme Fatale (Deluxe Version),0oFBaXLFsUVa2gEmJf4FcJ,"['Britney Spears', 'Sabi']","['26dSoYclwsYLMAKD3tpOr4', '3tB8VKd0rtEnc9x8l78ymo']",6,1,False,0.772,0.768,11,-4.52,0,0.0741,0.0414,0.0,0.0903,0.713,119.959,216400,4.0,2011,2011-03-28,Femme Fatale
1gilYs9AY8a75q275GTkiY,Seal It with a Kiss,Femme Fatale (Deluxe Version),0oFBaXLFsUVa2gEmJf4FcJ,['Britney Spears'],['26dSoYclwsYLMAKD3tpOr4'],7,1,False,0.644,0.7340000000000001,2,-5.234,0,0.0554,0.175,0.0,0.0484,0.56,124.988,206320,4.0,2011,2011-03-28,Femme Fatale
0IH4zvPl1szWeMwzPR0QhD,Big Fat Bass (feat. will.i.am),Femme Fatale (Deluxe Version),0oFBaXLFsUVa2gEmJf4FcJ,"['Britney Spears', 'will.i.am']","['26dSoYclwsYLMAKD3tpOr4', '085pc2PYOi8bGKj0PNjekA']",8,1,False,0.777,0.71,0,-4.717,1,0.0919,0.0295,0.0,0.192,0.6729999999999999,129.945,284840,4.0,2011,2011-03-28,Femme Fatale
38iU2jg98IZZEIJPrP7aWD,Till the World Ends,Femme Fatale (Deluxe Version),0oFBaXLFsUVa2gEmJf4FcJ,['Britney Spears'],['26dSoYclwsYLMAKD3tpOr4'],1,1,False,0.693,0.705,8,-5.747000000000001,1,0.0665,0.0228,0.0,0.2019999999999999,0.45,131.951,237947,4.0,2011,2011-03-28,Femme Fatale
2qbhijQG7phGVHkPt22fTP,Trip to Your Heart,Femme Fatale (Deluxe Version),0oFBaXLFsUVa2gEmJf4FcJ,['Britney Spears'],['26dSoYclwsYLMAKD3tpOr4'],10,1,False,0.679,0.813,0,-5.237,1,0.295,0.0621,0.0,0.272,0.642,125.033,213773,4.0,2011,2011-03-28,Femme Fatale
5AcTuYSmbmcZA8kiLE4bAR,Gasoline,Femme Fatale (Deluxe Version),0oFBaXLFsUVa2gEmJf4FcJ,['Britney Spears'],['26dSoYclwsYLMAKD3tpOr4'],11,1,False,0.757,0.733,7,-4.722,1,0.0511,0.178,4.47e-06,0.1009999999999999,0.552,119.984,188427,4.0,2011,2011-03-28,Femme Fatale
6T689Jvh5KrSXyaPtUWZtQ,Criminal,Femme Fatale (Deluxe Version),0oFBaXLFsUVa2gEmJf4FcJ,['Britney Spears'],['26dSoYclwsYLMAKD3tpOr4'],12,1,False,0.696,0.7340000000000001,7,-5.294,1,0.0298,0.0485,0.0,0.183,0.711,107.987,225080,4.0,2011,2011-03-28,Femme Fatale
30pIRfkIrvI88LaXReJ6HJ,Up N' Down,Femme Fatale (Deluxe Version),0oFBaXLFsUVa2gEmJf4FcJ,['Britney Spears'],['26dSoYclwsYLMAKD3tpOr4'],13,1,False,0.856,0.743,4,-4.71,0,0.054,0.085,0.0,0.0739,0.833,120.006,222293,4.0,2011,2011-03-28,Femme Fatale
6I0qecpzVh73WBMty1Ln02,He About To Lose Me,Femme Fatale (Deluxe Version),0oFBaXLFsUVa2gEmJf4FcJ,['Britney Spears'],['26dSoYclwsYLMAKD3tpOr4'],14,1,False,0.7290000000000001,0.797,10,-4.77,0,0.0278,0.122,0.00117,0.155,0.722,110.005,228853,4.0,2011,2011-03-28,Femme Fatale
2w3PyJC61SAVM7KR6tyDwF,Selfish,Femme Fatale (Deluxe Version),0oFBaXLFsUVa2gEmJf4FcJ,['Britney Spears'],['26dSoYclwsYLMAKD3tpOr4'],15,1,False,0.722,0.622,11,-5.426,0,0.0321,0.0114,1.64e-06,0.0664,0.787,122.038,223947,4.0,2011,2011-03-28,Femme Fatale
37nrVLa3bsKIc9c2NChf0h,Don't Keep Me Waiting,Femme Fatale (Deluxe Version),0oFBaXLFsUVa2gEmJf4FcJ,['Britney Spears'],['26dSoYclwsYLMAKD3tpOr4'],16,1,False,0.6509999999999999,0.964,11,-4.4460000000000015,0,0.0507,0.0002549999999999,0.00678,0.23,0.7829999999999999,124.994,201067,4.0,2011,2011-03-28,Femme Fatale
6fbb7VBPUjqicVq9XG7s3i,Trouble for Me,Femme Fatale (Deluxe Version),0oFBaXLFsUVa2gEmJf4FcJ,['Britney Spears'],['26dSoYclwsYLMAKD3tpOr4'],9,1,False,0.731,0.674,0,-5.599,0,0.0452,0.00613,0.0,0.369,0.305,125.938,199947,4.0,2011,2011-03-28,Femme Fatale
4mWmOPT9SIWWSJxc4qT7If,Tik Tik Boom (feat. T.I.),Britney Jean (Deluxe Version),5rlB2HPoNHg2m1wmmh0TRv,"['Britney Spears', 'T.I.']","['26dSoYclwsYLMAKD3tpOr4', '4OBJLual30L7gRl5UkeRcT']",5,1,False,0.7509999999999999,0.767,5,-6.477,0,0.0639,0.238,0.0,0.562,0.56,134.851,176973,4.0,2013,2013-11-30,Britney Jean
45MpoG2B3CEHoZa8OhrAw2,Body Ache,Britney Jean (Deluxe Version),5rlB2HPoNHg2m1wmmh0TRv,['Britney Spears'],['26dSoYclwsYLMAKD3tpOr4'],6,1,False,0.696,0.5870000000000001,3,-6.992000000000001,0,0.059,0.128,2.17e-05,0.106,0.581,128.003,205600,4.0,2013,2013-11-30,Britney Jean
6I9livBOOwAOV5YcVa9Npk,Til It's Gone,Britney Jean (Deluxe Version),5rlB2HPoNHg2m1wmmh0TRv,['Britney Spears'],['26dSoYclwsYLMAKD3tpOr4'],7,1,False,0.5870000000000001,0.693,1,-5.348,0,0.0614,0.0187,0.0,0.165,0.396,127.991,222640,4.0,2013,2013-11-30,Britney Jean
3ZmxqcNIPVDOLVgyjQW4Lb,Passenger,Britney Jean (Deluxe Version),5rlB2HPoNHg2m1wmmh0TRv,['Britney Spears'],['26dSoYclwsYLMAKD3tpOr4'],8,1,False,0.478,0.856,11,-4.274,1,0.1009999999999999,0.127,0.0,0.158,0.3389999999999999,89.863,220120,4.0,2013,2013-11-30,Britney Jean
3KliPMvk1EvFZu9cvkj8p1,Work Bitch,Britney Jean (Deluxe Version),5rlB2HPoNHg2m1wmmh0TRv,['Britney Spears'],['26dSoYclwsYLMAKD3tpOr4'],2,1,True,0.629,0.8240000000000001,9,-6.53,1,0.159,0.155,0.000628,0.0651,0.852,128.01,247960,4.0,2013,2013-11-30,Britney Jean
0DOgMeHlNponAEqczZoxX0,Perfume,Britney Jean (Deluxe Version),5rlB2HPoNHg2m1wmmh0TRv,['Britney Spears'],['26dSoYclwsYLMAKD3tpOr4'],3,1,False,0.39,0.557,3,-6.343999999999999,1,0.0521,0.452,0.0,0.125,0.317,79.34,239973,4.0,2013,2013-11-30,Britney Jean
69l9iqeW1B9fjqsqM0i9LH,Perfume (The Dreaming Mix),Britney Jean (Deluxe Version),5rlB2HPoNHg2m1wmmh0TRv,['Britney Spears'],['26dSoYclwsYLMAKD3tpOr4'],14,1,False,0.446,0.708,8,-4.367,1,0.0627,0.568,1.72e-06,0.311,0.496,159.858,242467,4.0,2013,2013-11-30,Britney Jean
4Rl494Qkp0qaVltXd4sMYX,Now That I Found You,Britney Jean (Deluxe Version),5rlB2HPoNHg2m1wmmh0TRv,['Britney Spears'],['26dSoYclwsYLMAKD3tpOr4'],13,1,False,0.526,0.731,6,-4.901,1,0.0459,0.083,0.000787,0.0557,0.491,128.04,256440,4.0,2013,2013-11-30,Britney Jean
5zNkxQzn7HNUyYTSUnw577,Chillin' With You (feat. Jamie Lynn),Britney Jean (Deluxe Version),5rlB2HPoNHg2m1wmmh0TRv,"['Britney Spears', 'Jamie Lynn Spears']","['26dSoYclwsYLMAKD3tpOr4', '3Er4s8F6Ugd0PESHxmYt0I']",9,1,False,0.75,0.752,1,-5.776,1,0.0399,0.209,9.14e-05,0.131,0.527,140.001,218347,4.0,2013,2013-11-30,Britney Jean
7z7CFkyOOAggoMDoSQgZvA,Don't Cry,Britney Jean (Deluxe Version),5rlB2HPoNHg2m1wmmh0TRv,['Britney Spears'],['26dSoYclwsYLMAKD3tpOr4'],10,1,False,0.6779999999999999,0.515,11,-6.313,0,0.0326,0.34,0.0,0.6409999999999999,0.513,139.931,194240,4.0,2013,2013-11-30,Britney Jean
7MXf5oS9bilbC70ii9YWbf,Brightest Morning Star,Britney Jean (Deluxe Version),5rlB2HPoNHg2m1wmmh0TRv,['Britney Spears'],['26dSoYclwsYLMAKD3tpOr4'],11,1,False,0.457,0.613,7,-5.7410000000000005,1,0.0559999999999999,0.56,0.0,0.0927,0.317,159.876,179800,4.0,2013,2013-11-30,Britney Jean
6M3ldm7rniOAMGamL68cog,It Should Be Easy (feat. will.i.am),Britney Jean (Deluxe Version),5rlB2HPoNHg2m1wmmh0TRv,"['Britney Spears', 'will.i.am']","['26dSoYclwsYLMAKD3tpOr4', '085pc2PYOi8bGKj0PNjekA']",4,1,False,0.706,0.56,7,-5.482,0,0.0777,0.246,0.0,0.0807,0.539,129.851,206587,4.0,2013,2013-11-30,Britney Jean
3eBxSM7L8AL5wcYd1t4NC0,Alien,Britney Jean (Deluxe Version),5rlB2HPoNHg2m1wmmh0TRv,['Britney Spears'],['26dSoYclwsYLMAKD3tpOr4'],1,1,False,0.611,0.732,0,-6.077999999999999,1,0.0314,0.262,0.00352,0.266,0.375,111.984,236000,4.0,2013,2013-11-30,Britney Jean
2IgAZXJy3eXiJh393yu0b3,Hold On Tight,Britney Jean (Deluxe Version),5rlB2HPoNHg2m1wmmh0TRv,['Britney Spears'],['26dSoYclwsYLMAKD3tpOr4'],12,1,False,0.521,0.512,5,-6.169,1,0.0279,0.0581,0.0,0.0972,0.125,127.963,207280,4.0,2013,2013-11-30,Britney Jean
49yg2ozOA7w1N7gaAwk819,If I'm Dancing,Glory (Deluxe Version),0eXGrEtsH0WVJnqp5imXAs,['Britney Spears'],['26dSoYclwsYLMAKD3tpOr4'],16,1,False,0.807,0.8590000000000001,8,-5.526,1,0.0633,0.0593,0.0012699999999999,0.0277,0.7070000000000001,124.011,204440,4.0,2016,2016-11-15,Glory
1Fv0o4HnRqDmphmJULLdSb,Hard To Forget Ya,Glory (Deluxe Version),0eXGrEtsH0WVJnqp5imXAs,['Britney Spears'],['26dSoYclwsYLMAKD3tpOr4'],11,1,False,0.672,0.743,9,-6.073,1,0.0909,0.0168,0.0,0.0443,0.36,114.994,209827,4.0,2016,2016-11-15,Glory
5tcJIEt8ECEtFtBdysOu4f,Slumber Party feat. Tinashe,Glory (Deluxe Version),0eXGrEtsH0WVJnqp5imXAs,"['Britney Spears', 'Tinashe']","['26dSoYclwsYLMAKD3tpOr4', '0NIIxcxNHmOoyBx03SfTCD']",8,1,False,0.748,0.802,0,-4.9,1,0.075,0.312,1.08e-06,0.0976,0.482,135.032,213535,4.0,2016,2016-11-15,Glory
1T2u4dm1yH2nVCkTe326CV,Do You Wanna Come Over?,Glory (Deluxe Version),0eXGrEtsH0WVJnqp5imXAs,['Britney Spears'],['26dSoYclwsYLMAKD3tpOr4'],7,1,False,0.7509999999999999,0.696,4,-6.027,1,0.0657,0.00618,0.00258,0.107,0.446,121.0,203360,4.0,2016,2016-11-15,Glory
1vCOhpQ3kRbs0iKbjlDv8e,Clumsy,Glory (Deluxe Version),0eXGrEtsH0WVJnqp5imXAs,['Britney Spears'],['26dSoYclwsYLMAKD3tpOr4'],6,1,False,0.774,0.473,5,-7.07,0,0.131,0.0578,0.0,0.0888,0.362,103.884,183387,4.0,2016,2016-11-15,Glory
00Q6qviIuEgjVhjh2R4HBb,Just Luv Me,Glory (Deluxe Version),0eXGrEtsH0WVJnqp5imXAs,['Britney Spears'],['26dSoYclwsYLMAKD3tpOr4'],5,1,False,0.616,0.4920000000000001,9,-9.79,0,0.0609,0.158,0.0071,0.139,0.361,91.997,241453,4.0,2016,2016-11-15,Glory
0wV7keqEEpeYToGO2cijjj,Man On The Moon,Glory (Deluxe Version),0eXGrEtsH0WVJnqp5imXAs,['Britney Spears'],['26dSoYclwsYLMAKD3tpOr4'],4,1,False,0.711,0.6679999999999999,7,-5.9620000000000015,0,0.0385,0.0311,9.51e-06,0.1009999999999999,0.318,110.026,226640,4.0,2016,2016-11-15,Glory
36b687iXNP8g84ulUXmPA7,Private Show,Glory (Deluxe Version),0eXGrEtsH0WVJnqp5imXAs,['Britney Spears'],['26dSoYclwsYLMAKD3tpOr4'],3,1,False,0.753,0.456,2,-5.892,1,0.0419,0.221,0.0,0.449,0.523,112.519,235293,3.0,2016,2016-11-15,Glory
4DZpzJhrt8SG22hsyruUB1,Love Me Down,Glory (Deluxe Version),0eXGrEtsH0WVJnqp5imXAs,['Britney Spears'],['26dSoYclwsYLMAKD3tpOr4'],10,1,False,0.657,0.645,2,-6.52,0,0.0603,0.00592,0.000199,0.236,0.6579999999999999,91.988,198640,4.0,2016,2016-11-15,Glory
2dQZYgG9RQTrECFhLVlFbz,Just Like Me,Glory (Deluxe Version),0eXGrEtsH0WVJnqp5imXAs,['Britney Spears'],['26dSoYclwsYLMAKD3tpOr4'],9,1,False,0.7509999999999999,0.591,9,-7.091,0,0.0451,0.0734,1.82e-05,0.108,0.563,101.942,164533,4.0,2016,2016-11-15,Glory
1u8hPl2tPFAi4ArBKxwBPS,Invitation,Glory (Deluxe Version),7gALIuQHKvpZR8EtbNZ7qK,['Britney Spears'],['26dSoYclwsYLMAKD3tpOr4'],1,1,False,0.3670000000000001,0.652,6,-7.171,1,0.109,0.0332,6.879999999999999e-05,0.0947,0.156,112.37,199987,4.0,2016,2016-08-26,Glory
1T5oT8NkVck33WsPnij3nc,Liar,Glory (Deluxe Version),0eXGrEtsH0WVJnqp5imXAs,['Britney Spears'],['26dSoYclwsYLMAKD3tpOr4'],15,1,False,0.581,0.797,6,-5.186,0,0.0621,0.0101,1.49e-05,0.4029999999999999,0.807,159.916,196613,4.0,2016,2016-11-15,Glory
0qG6Zv5qJuYrUKoG7R1cGO,Change Your Mind (No Seas Cortes),Glory (Deluxe Version),0eXGrEtsH0WVJnqp5imXAs,['Britney Spears'],['26dSoYclwsYLMAKD3tpOr4'],14,1,False,0.757,0.69,11,-7.922999999999999,0,0.162,0.13,0.0,0.108,0.652,117.937,179920,4.0,2016,2016-11-15,Glory
7uKS0QLbGuBe8wGRpsDmOW,Better,Glory (Deluxe Version),0eXGrEtsH0WVJnqp5imXAs,['Britney Spears'],['26dSoYclwsYLMAKD3tpOr4'],13,1,False,0.657,0.8240000000000001,1,-3.155,1,0.0347,0.0189,0.00108,0.0859,0.76,96.996,189933,4.0,2016,2016-11-15,Glory
1nRbr4kIl9BrK5xYKPkU6i,What You Need,Glory (Deluxe Version),0eXGrEtsH0WVJnqp5imXAs,['Britney Spears'],['26dSoYclwsYLMAKD3tpOr4'],12,1,False,0.698,0.7090000000000001,7,-5.055,1,0.253,0.4579999999999999,0.0,0.0967,0.8590000000000001,153.776,187640,4.0,2016,2016-11-15,Glory
5RxAbygScfUmwFPmkK1Qwn,Coupure Électrique,Glory (Deluxe Version),0eXGrEtsH0WVJnqp5imXAs,['Britney Spears'],['26dSoYclwsYLMAKD3tpOr4'],17,1,False,0.7709999999999999,0.4629999999999999,0,-8.932,0,0.0425,0.6890000000000001,0.00487,0.195,0.4920000000000001,110.035,140840,4.0,2016,2016-11-15,Glory
2ssO8vh0AzVr5zxumbSO7G,Make Me... (feat. G-Eazy),Glory (Deluxe Version),0eXGrEtsH0WVJnqp5imXAs,"['Britney Spears', 'G-Eazy']","['26dSoYclwsYLMAKD3tpOr4', '02kJSzxNuaWGqwubyUba0Z']",2,1,False,0.701,0.7,7,-6.6720000000000015,0,0.0925,0.146,0.0,0.206,0.5920000000000001,122.984,230960,4.0,2016,2016-11-15,Glory
6xeAwFaEmb1UHGvYXliWSf,Slumber Party (feat. Tinashe),Glory,21pSZTuDILbIYQy4Fqf2hD,"['Britney Spears', 'Tinashe']","['26dSoYclwsYLMAKD3tpOr4', '0NIIxcxNHmOoyBx03SfTCD']",8,1,False,0.748,0.802,0,-4.9,1,0.0754,0.312,0.0,0.0976,0.488,135.035,213535,4.0,2020,2020-05-29,Glory
3v79sPRVxvSqaeSaOXinvm,Mood Ring (By Demand),Glory,0lClVPlhguxP4NBWzKV0od,['Britney Spears'],['26dSoYclwsYLMAKD3tpOr4'],13,1,False,0.519,0.45,8,-9.128,0,0.0688,0.21,0.0,0.188,0.309,104.817,229507,4.0,2020,2020-05-29,Glory
